,AQI,AQI_rank,PM2.5,PM10,SO2,NO2,CO,O3
0,179,305,136,253,60,79,4.02,19
1,256,336,203,352,54,95,4.83,14
2,262,312,212,360,44,87,5.02,15
3,261,341,210,352,54,92,4.71,12
4,297,363,234,387,45,71,5.00,15
5,336,365,270,436,43,78,5.37,15
6,217,355,169,285,38,64,3.98,20
7,188,334,142,245,42,60,3.66,16
8,207,320,156,266,50,67,4.02,13
9,192,300,145,252,47,59,4.15,17
10,169,336,126,214,48,46,3.32,26
11,159,350,120,193,39,45,3.15,16
12,163,350,123,223,40,53,3.32,20
13,92,204,62,121,31,45,2.69,27
14,99,197,70,144,36,59,3.21,20
15,159,288,121,226,44,76,3.97,13
16,112,240,69,159,34,47,3.06,23
17,77,186,37,101,30,37,2.29,30
18,67,128,34,82,45,39,1.84,25
19,84,206,58,111,34,44,1.94,23
20,128,316,96,169,35,47,2.17,24
21,73,227,41,86,20,28,1.40,38
22,78,292,16,105,12,19,1.17,56
23,64,236,15,80,13,20,1.29,52
24,67,210,39,83,30,52,2.10,26
25,85,256,58,116,38,59,2.47,25
26,123,299,92,177,54,68,2.67,17
27,120,263,90,173,51,66,2.56,19
28,188,343,143,252,52,72,3.23,15
29,200,352,152,273,47,64,3.20,13
30,76,225,49,93,18,34,1.90,22
31,60,130,37,68,18,43,2.00,26
32,84,155,61,106,26,56,2.12,28
33,139,303,105,174,37,74,2.51,25
34,132,288,99,164,33,67,2.27,31
35,93,221,59,111,20,33,1.55,43
36,52,79,24,55,18,32,1.28,42
37,75,129,40,97,28,36,1.56,45
38,252,324,198,285,72,48,2.14,45
39,170,342,128,194,46,55,2.38,41
40,187,343,142,226,50,56,2.60,43
41,204,343,154,242,41,48,2.70,43
42,127,276,79,161,21,22,1.89,40
43,73,305,25,95,12,13,1.34,49
44,52,289,18,53,18,20,1.40,47
45,59,307,32,67,21,35,1.69,38
46,59,262,36,68,23,38,1.72,38
47,63,202,38,75,25,52,1.92,31
48,93,287,62,128,27,58,1.96,34
49,217,347,73,335,15,33,1.35,43
50,176,353,61,272,10,22,1.26,52
51,104,258,63,155,25,43,1.82,22
52,130,299,88,190,30,52,2.12,24
53,102,270,63,151,27,41,1.54,34
54,110,310,77,166,38,66,2.08,23
55,112,281,71,165,27,60,1.92,30
56,92,256,44,132,28,59,1.87,23
57,92,268,45,132,24,44,1.81,30
58,87,226,36,122,20,35,1.47,35
59,60,126,25,67,24,37,1.56,37
60,89,219,59,126,39,62,2.01,25
61,98,192,61,143,34,67,2.20,28
62,102,201,61,151,30,73,2.35,33
63,172,291,80,256,30,61,2.27,13
64,161,263,62,268,16,36,1.43,32
65,198,314,89,336,27,57,1.99,22
66,178,328,90,300,46,65,2.36,14
67,158,356,95,263,46,61,2.36,22
68,103,344,48,154,27,40,1.74,24
69,70,304,42,81,14,36,1.52,38
70,86,296,48,119,27,52,1.76,35
71,139,345,104,206,37,80,2.33,24
72,96,255,57,136,21,55,1.93,38
73,99,253,53,146,31,53,2.00,37
74,115,260,81,177,32,59,2.23,48
75,172,326,130,238,46,73,2.42,33
76,189,324,145,275,38,83,2.53,23
77,140,268,105,189,25,71,2.06,44
78,134,284,84,207,22,57,1.85,65
79,138,322,96,204,18,34,1.72,85
80,118,308,78,179,20,41,1.67,76
81,135,336,100,203,23,66,1.95,33
82,180,362,135,242,25,68,2.20,21
83,154,362,115,209,24,58,1.97,22
84,120,350,90,149,13,53,1.58,35
85,59,92,30,67,10,42,1.18,50
86,75,183,35,97,17,59,1.18,44
87,97,275,49,142,21,68,1.44,45
88,116,342,55,180,31,79,1.75,38
89,132,341,71,212,29,86,1.95,46
90,111,276,58,170,22,83,1.69,52
91,138,338,75,224,25,95,2.01,50
92,157,341,87,259,32,66,1.71,69
93,70,274,40,87,11,28,1.16,57
94,89,319,59,125,26,51,1.41,33
95,113,343,84,143,15,54,1.74,15
96,71,240,47,76,7,48,1.80,15
97,80,257,35,109,12,55,1.64,32
98,120,313,63,187,20,68,1.77,29
99,77,237,34,103,15,48,1.28,53
100,112,314,60,171,18,68,1.81,47
101,133,347,79,214,18,67,1.79,66
102,135,329,90,215,20,67,1.83,41
103,125,322,72,197,20,63,1.62,31
104,99,264,55,146,17,55,1.44,51
105,76,214,39,104,9,39,1.36,57
106,58,195,24,68,10,37,1.22,57
107,122,357,43,175,8,35,1.19,64
108,88,344,49,124,17,59,1.50,50
109,100,347,58,148,17,62,1.49,47
110,91,310,53,129,16,64,1.57,58
111,102,293,47,152,21,71,1.61,53
112,101,277,46,149,23,67,1.44,55
113,65,210,24,73,8,35,0.97,94
114,79,247,49,91,12,35,1.08,85
115,72,217,41,91,11,41,1.16,78
116,90,304,55,117,16,46,1.14,70
117,79,274,31,103,17,45,0.96,65
118,78,248,42,102,17,45,1.06,76
119,106,301,70,146,19,64,1.30,86
120,106,306,59,147,20,75,1.45,77
121,93,261,47,114,16,64,1.23,81
122,135,350,40,178,7,26,0.72,81
123,78,307,40,103,16,58,0.90,63
124,101,333,61,149,28,72,1.31,73
125,126,342,85,197,32,78,1.51,68
126,114,283,54,176,17,54,1.02,46
127,76,243,42,98,12,33,0.99,38
128,75,296,53,83,7,29,1.16,55
129,70,257,35,87,16,40,1.13,67
130,101,333,55,134,13,59,1.26,77
131,99,262,56,133,12,58,1.30,91
132,200,356,78,299,7,31,0.85,78
133,67,202,34,83,8,35,0.99,36
134,40,30,22,38,6,33,1.13,37
135,61,273,21,70,10,34,1.01,56
136,65,184,30,77,12,51,1.13,62
137,88,299,49,123,17,65,1.40,68
138,77,191,35,86,12,37,0.95,105
139,81,189,57,104,11,35,1.03,115
140,100,313,67,132,12,40,1.17,105
141,84,299,50,95,12,36,1.06,104
142,81,298,51,96,10,36,1.05,90
143,45,105,21,37,6,19,0.87,70
144,63,177,20,59,9,40,0.95,92
145,51,111,22,58,9,40,0.89,62
146,44,106,18,44,8,38,0.89,47
147,43,90,27,42,5,38,0.98,45
148,62,214,32,60,13,38,1.06,65
149,75,273,25,72,12,50,1.15,83
150,86,256,51,114,15,65,1.42,87
151,85,268,59,107,9,52,1.41,52
152,62,237,43,64,4,28,1.27,60
153,46,111,30,42,3,30,1.14,58
154,60,215,26,49,7,32,1.21,79
155,70,252,29,87,7,44,1.20,62
156,80,297,27,95,9,37,1.09,82
157,90,324,65,112,6,34,1.38,85
158,81,286,29,69,6,35,1.14,110
159,76,248,43,79,7,36,1.30,80
160,93,305,42,98,7,42,1.22,96
161,61,195,16,53,6,38,0.97,92
162,88,326,37,101,11,43,1.20,88
163,78,316,35,64,6,26,1.17,109
164,93,331,33,84,8,39,1.13,107
165,71,261,20,91,6,27,0.86,85
166,64,264,17,68,6,28,0.86,89
167,65,206,19,55,10,41,0.94,80
168,78,251,24,61,10,43,0.93,109
169,103,338,41,95,12,55,1.26,119
170,103,337,42,93,8,37,1.17,122
171,103,340,39,87,8,28,1.13,141
172,69,278,30,81,7,33,1.15,80
173,105,357,40,102,8,49,1.31,108
174,39,100,16,34,4,21,1.05,60
175,61,299,22,45,5,30,1.09,86
176,67,292,33,61,5,32,1.18,82
177,56,200,25,56,8,31,1.11,80
178,69,238,31,81,8,37,1.07,74
179,81,304,32,89,7,52,1.07,54
180,93,342,29,87,8,49,1.11,87
181,70,285,28,81,8,43,1.08,62
182,70,317,18,52,6,32,0.96,93
183,75,311,29,78,8,42,1.08,80
184,59,227,29,61,5,27,0.99,80
185,61,231,24,49,6,22,0.88,96
186,54,215,17,37,5,17,0.75,100
187,64,259,28,54,5,19,0.81,113
188,51,204,26,53,6,20,0.84,77
189,35,84,12,31,5,15,0.73,55
190,59,238,31,62,5,24,0.89,74
191,69,290,45,81,5,23,1.05,73
192,78,311,45,83,5,25,1.02,81
193,43,130,13,35,5,24,0.78,68
194,53,220,22,56,7,42,0.89,46
195,40,132,11,24,4,27,0.82,73
196,74,344,23,48,6,36,0.95,104
197,75,314,28,69,5,37,0.93,96
198,84,304,26,71,8,44,0.93,106
199,71,268,48,83,5,27,0.88,83
200,37,87,13,32,4,25,0.99,62
201,73,333,23,48,5,32,1.07,102
202,98,360,27,64,6,48,1.09,115
203,63,270,32,77,5,38,0.98,72
204,84,326,47,95,5,36,1.07,101
205,86,327,48,92,4,29,1.08,92
206,38,61,13,28,4,24,0.85,66
207,48,121,17,45,5,30,0.86,50
208,51,128,17,40,5,29,0.80,73
209,82,291,25,70,7,47,0.90,95
210,91,310,29,74,7,43,0.90,108
211,61,179,23,65,7,39,0.81,63
212,56,199,23,54,5,30,0.86,62
213,72,303,29,65,6,32,0.82,78
214,58,253,28,62,5,32,0.81,63
215,68,303,42,62,4,24,0.86,81
216,72,310,44,70,5,25,0.92,95
217,68,294,39,71,5,25,0.94,92
218,68,295,45,80,6,38,1.13,67
219,81,350,49,84,6,36,1.09,86
220,66,319,42,76,5,33,0.96,70
221,63,280,32,62,5,29,0.94,80
222,63,287,31,63,4,32,0.94,75
223,62,283,28,64,5,32,0.76,68
224,57,241,20,52,5,28,0.68,76
225,61,266,26,60,5,30,0.75,71
226,53,221,20,49,5,22,0.67,70
227,59,292,27,61,5,25,0.72,83
228,75,320,44,82,6,27,1.03,88
229,77,308,44,83,5,27,1.32,85
230,88,331,52,95,6,30,1.27,98
231,59,245,19,50,5,25,0.89,85
232,72,324,43,77,5,24,1.42,94
233,71,287,43,77,7,23,1.34,100
234,73,286,38,79,9,25,1.14,108
235,70,264,40,76,7,28,1.09,94
236,93,319,55,104,6,32,1.16,98
237,33,21,13,29,4,18,0.78,52
238,31,26,11,30,7,30,0.79,32
239,67,318,30,63,10,49,1.02,67
240,71,271,28,63,14,52,0.95,79
241,75,295,47,97,18,51,1.10,68
242,76,267,52,99,15,56,1.09,69
243,73,215,41,87,12,57,1.00,60
244,71,257,28,74,15,54,0.86,69
245,80,289,32,86,17,63,0.88,76
246,95,302,53,138,24,81,1.17,30
247,90,290,38,99,16,59,1.03,73
248,93,291,58,129,19,60,1.19,77
249,54,168,29,57,11,36,0.86,55
250,70,286,28,65,11,48,0.87,78
251,91,313,41,94,17,68,1.02,88
252,81,250,45,109,15,61,1.11,49
253,58,200,21,51,11,41,0.92,70
254,81,307,33,98,17,59,1.02,67
255,84,314,51,107,19,60,1.35,36
256,98,337,72,111,15,50,1.52,56
257,111,338,82,151,11,55,1.57,39
258,80,293,57,97,8,50,1.29,50
259,95,333,67,125,10,54,1.38,69
260,110,349,81,148,12,54,1.40,80
261,120,356,90,163,14,63,1.49,36
262,48,133,32,46,5,30,1.21,47
263,57,185,39,59,7,41,1.35,21
264,66,195,45,79,8,47,1.34,48
265,82,251,50,100,11,60,1.33,65
266,94,284,53,120,13,73,1.37,70
267,77,220,47,102,10,65,1.21,24
268,81,247,56,102,12,48,1.12,62
269,108,334,81,135,8,46,1.30,33
270,82,303,59,105,8,50,1.40,21
271,63,301,37,75,10,45,1.13,36
272,82,339,60,106,15,52,1.35,39
273,108,339,80,144,15,61,1.52,65
274,136,344,102,193,15,85,1.88,64
275,152,350,115,224,15,91,1.97,59
276,132,342,94,195,16,76,1.88,61
277,147,354,57,202,13,49,1.17,37
278,50,119,25,52,16,42,0.94,16
279,64,218,43,71,8,44,1.10,11
280,50,151,25,53,6,41,1.31,13
281,63,255,38,72,11,49,1.34,28
282,65,273,41,69,12,46,1.28,23
283,98,347,73,105,13,51,1.43,19
284,115,352,86,123,12,58,1.56,21
285,97,305,71,119,11,57,1.54,15
286,105,315,78,121,11,54,1.33,31
287,75,261,50,91,12,48,1.09,28
288,73,248,52,78,6,37,1.04,25
289,77,278,50,87,10,45,1.37,25
290,75,260,42,98,13,58,1.45,32
291,107,313,74,147,16,67,1.70,47
292,141,341,106,192,14,77,1.83,42
293,103,316,70,142,11,56,1.52,43
294,57,247,26,64,8,35,1.31,19
295,51,242,26,58,6,38,1.09,17
296,31,69,20,30,7,30,1.23,18
297,35,79,20,33,10,36,1.34,17
298,54,188,35,50,8,35,1.67,7
299,52,186,36,51,11,42,1.88,10
300,31,50,19,29,7,33,1.40,23
301,34,83,14,30,7,30,0.72,47
302,57,263,28,62,8,44,0.90,34
303,82,325,56,109,12,55,1.29,15
304,77,325,43,100,13,46,1.24,33
305,99,335,73,127,16,50,1.47,16
306,164,355,124,204,16,65,2.08,13
307,225,356,175,269,19,96,2.71,13
308,217,348,168,245,20,96,2.70,13
309,238,347,187,272,20,95,2.89,20
310,210,354,165,240,19,62,2.75,12
311,67,139,24,82,11,33,1.43,25
312,77,267,41,100,17,46,1.60,14
313,129,350,97,154,18,54,1.96,7
314,330,360,74,432,16,62,2.10,25
315,208,359,89,317,20,63,2.36,13
316,146,333,104,239,23,78,2.63,11
317,221,344,170,325,31,99,3.03,16
318,221,344,171,290,25,93,2.89,8
319,212,360,163,259,36,86,2.73,30
320,266,365,215,312,31,84,2.78,11
321,304,364,253,363,34,80,2.97,14
322,238,345,187,272,23,65,2.39,8
323,181,341,134,256,21,58,2.03,13
324,188,348,143,253,34,65,2.17,7
325,183,362,138,232,25,54,2.04,8
326,46,242,16,48,9,30,0.95,39
327,47,181,30,46,16,45,1.26,28
328,91,272,66,90,30,61,1.63,15
329,141,321,107,141,30,68,1.94,9
330,148,313,86,233,28,66,2.04,17
331,180,355,136,272,47,82,2.86,12
332,223,366,174,303,48,76,2.74,9
333,150,317,109,211,38,58,1.97,18
334,119,274,82,167,31,67,2.04,19
335,180,345,137,242,45,80,2.42,12
336,255,361,204,310,48,88,2.78,9
337,162,302,123,179,25,65,2.21,19
338,107,190,77,140,28,77,2.67,15
339,139,293,81,180,21,54,1.78,31
340,113,269,83,150,35,71,1.89,15
341,210,352,161,233,38,91,2.62,10
342,248,360,197,255,35,94,2.78,17
343,256,364,205,271,44,83,2.93,12
344,224,362,175,233,39,69,2.45,14
345,209,349,160,209,30,55,1.99,20
346,210,347,164,204,27,59,2.22,12
347,292,364,241,293,27,82,3.10,12
348,325,366,274,351,31,76,3.40,8
349,242,358,197,266,30,76,2.74,22
350,189,332,145,192,33,76,2.39,19
351,261,357,210,254,35,94,2.98,13
352,349,351,301,353,46,99,3.71,14
353,426,349,390,450,40,101,4.05,12
354,457,357,434,501,51,85,4.23,10
355,209,319,162,241,23,52,2.56,19
356,103,263,75,138,23,65,2.43,9
357,144,319,109,171,40,71,2.45,13
358,184,357,139,181,31,59,2.02,25
359,117,311,87,115,20,48,1.43,20
360,73,277,37,93,19,43,1.23,39
361,76,258,46,95,19,50,1.51,34
362,97,265,71,121,35,61,1.78,23
363,165,322,125,176,42,70,2.36,12
364,256,356,205,272,48,88,3.05,13
365,350,357,299,375,47,111,3.54,12
366,393,361,346,410,51,103,3.47,11
367,341,356,290,365,37,102,3.40,22
368,408,361,366,441,33,118,4.12,15
369,473,364,467,556,43,124,4.53,11
370,483,365,490,591,50,100,4.90,11
371,209,334,170,236,26,54,3.26,12
372,89,242,66,94,23,51,2.29,13
373,125,294,94,138,30,67,2.39,21
374,122,284,91,131,32,67,2.12,17
375,83,203,60,82,26,41,1.30,37
376,67,155,45,74,23,45,1.24,42
377,86,235,56,110,23,60,1.59,33
378,110,284,81,143,34,77,2.14,22
379,204,359,155,213,42,78,2.50,20
380,225,357,174,227,40,73,2.41,13
381,311,358,260,318,42,83,2.95,14
382,326,359,275,359,37,88,3.03,16
383,340,357,289,371,45,93,2.93,16
384,197,334,148,233,27,57,1.85,42
385,67,176,36,80,28,46,1.32,38
386,96,274,70,123,29,64,1.82,31
387,171,349,130,204,40,87,2.35,24
388,248,357,197,271,49,93,2.95,23
389,337,364,286,361,50,93,3.38,17
390,413,366,370,461,43,90,3.67,27
391,400,360,244,528,29,60,2.58,41
392,155,299,72,255,29,37,1.69,47
393,204,274,154,246,43,40,1.98,39
394,129,285,77,188,27,34,1.57,48
395,95,292,54,133,33,25,1.40,53
396,125,344,94,154,29,38,1.62,34
397,204,360,154,223,33,49,2.30,32
398,190,351,143,197,38,47,2.16,42
399,258,358,207,268,45,70,2.74,34
400,282,356,231,289,40,80,3.01,36
401,291,353,240,309,51,83,3.30,41
402,308,365,257,341,34,61,2.77,37
403,159,356,121,167,19,44,1.82,30
404,57,201,28,64,15,30,1.17,52
405,57,156,34,64,19,54,1.45,36
406,73,215,51,83,24,64,1.58,33
407,112,311,84,125,29,78,1.74,32
408,204,346,155,218,40,88,2.25,31
409,239,358,188,262,51,94,2.63,32
410,261,355,210,282,44,96,2.63,43
411,296,360,245,339,39,110,2.83,31
412,213,345,165,253,27,84,2.25,39
413,138,317,97,204,36,67,1.66,43
414,206,355,156,274,36,99,2.17,28
415,253,359,203,320,39,122,2.60,37
416,178,349,93,274,26,61,1.72,39
417,87,316,48,110,14,39,1.42,41
418,102,304,65,134,22,57,1.75,32
419,67,206,28,83,18,49,1.24,54
420,83,247,55,112,26,75,1.60,30
421,99,272,73,124,28,77,1.63,34
422,116,316,87,139,30,84,1.71,34
423,151,352,114,182,37,104,2.11,22
424,155,347,115,181,30,83,2.02,28
425,77,172,31,99,14,41,1.08,64
426,75,241,44,97,26,69,1.36,33
427,100,325,68,136,29,76,1.53,40
428,137,315,101,191,43,92,1.88,33
429,144,329,103,186,35,83,1.77,30
430,65,202,34,80,22,60,1.17,42
431,89,302,61,123,30,79,1.53,29
432,77,263,48,102,27,63,1.31,40
433,89,269,63,123,37,66,1.50,43
434,125,333,93,174,55,86,1.94,25
435,147,327,111,165,38,67,1.74,36
436,88,282,64,84,15,45,1.50,33
437,44,103,30,39,9,36,1.16,47
438,82,303,60,72,14,45,1.34,38
439,79,272,57,76,15,45,1.30,42
440,113,336,84,101,15,52,1.41,45
441,104,289,77,106,18,55,1.47,40
442,135,319,101,151,20,75,1.87,28
443,142,333,106,155,20,66,1.68,41
444,137,352,104,131,15,62,1.47,50
445,119,329,89,129,15,54,1.57,45
446,69,235,48,66,10,35,1.22,82
447,108,326,80,100,10,44,1.39,34
448,115,327,50,168,16,54,1.34,33
449,91,292,36,130,16,53,1.00,51
450,80,243,40,109,17,67,1.13,43
451,102,325,63,152,25,77,1.46,38
452,115,339,74,167,22,77,1.57,45
453,146,354,106,188,25,78,1.57,27
454,62,140,40,71,12,42,1.14,54
455,62,185,33,70,16,52,1.15,53
456,63,144,31,74,16,64,1.12,50
457,100,307,66,142,29,84,1.53,36
458,101,303,75,139,20,79,1.62,25
459,91,265,66,113,15,49,1.39,52
460,102,287,76,124,13,49,1.49,41
461,106,279,76,155,15,58,1.65,58
462,104,284,76,140,15,54,1.55,42
463,66,194,41,80,11,46,1.30,32
464,35,48,22,33,7,32,1.11,47
465,43,99,27,41,8,43,1.39,33
466,61,202,36,68,11,50,1.42,45
467,63,161,30,74,13,61,1.22,50
468,68,163,27,83,14,53,1.06,61
469,91,310,46,130,18,76,1.39,51
470,96,282,53,140,19,71,1.40,42
471,51,53,24,57,9,37,1.00,56
472,99,273,37,146,12,51,1.19,52
473,295,359,97,417,12,51,1.12,55
474,136,355,64,216,13,50,1.14,36
475,77,248,28,103,10,42,0.83,52
476,97,350,39,143,10,48,0.80,54
477,76,264,46,101,16,69,1.04,47
478,94,337,49,137,16,88,1.47,36
479,94,337,49,137,16,88,1.47,36
480,93,314,52,133,19,77,1.55,61
481,71,235,47,89,10,50,1.30,75
482,77,321,47,100,16,50,1.25,52
483,84,339,50,108,15,64,1.38,60
484,74,233,36,90,15,73,1.21,59
485,81,214,39,104,16,87,1.33,56
486,96,281,54,136,20,82,1.45,71
487,98,287,45,121,16,56,1.30,106
488,72,198,34,91,9,31,1.06,98
489,50,109,24,53,6,31,1.08,60
490,105,277,42,157,10,43,1.15,57
491,324,344,179,589,10,49,1.05,47
492,254,328,135,372,13,60,1.05,50
493,130,264,74,207,15,61,1.12,39
494,78,225,43,99,11,49,1.02,71
495,81,277,41,106,15,76,1.21,63
496,83,281,39,113,16,63,1.18,57
497,72,188,35,88,14,55,1.00,66
498,79,251,34,93,15,66,1.04,66
499,91,308,41,105,16,73,1.13,82
500,66,188,34,81,12,52,0.96,64
501,56,162,31,60,11,47,0.99,51
502,58,150,21,54,9,43,0.93,71
503,80,231,29,87,14,72,1.09,69
504,75,158,38,98,15,74,1.21,39
505,72,162,33,79,13,52,1.04,75
506,72,197,37,79,11,41,1.01,85
507,72,197,37,79,11,41,1.01,85
508,90,279,60,108,10,42,1.18,112
509,99,312,54,139,10,41,1.15,45
510,61,283,21,50,9,31,0.85,106
511,70,284,27,62,14,51,0.94,80
512,68,207,20,58,14,58,0.91,82
513,77,231,24,66,13,67,1.02,84
514,78,168,26,64,12,63,0.97,89
515,89,199,33,72,13,62,1.04,96
516,70,121,40,87,14,65,1.20,39
517,68,166,29,57,9,35,1.02,88
518,75,192,34,83,10,60,1.15,88
519,84,267,40,90,9,50,1.12,100
520,103,293,38,95,12,52,1.13,125
521,96,318,58,131,11,52,1.27,64
522,49,127,33,41,5,23,1.23,71
523,42,90,19,26,5,25,1.11,79
524,50,172,18,43,6,29,1.01,81
525,52,128,16,52,8,31,0.97,85
526,52,136,20,41,6,32,1.08,92
527,52,158,28,57,8,44,1.18,34
528,47,183,14,33,7,31,0.96,83
529,58,226,25,65,9,55,1.10,51
530,77,296,34,76,13,45,1.09,81
531,73,276,31,65,9,30,0.90,112
532,82,274,46,83,8,26,0.99,122
533,89,259,35,79,10,48,1.02,133
534,96,262,40,82,11,50,1.01,109
535,93,248,54,99,11,45,1.13,118
536,99,296,49,94,12,44,1.06,117
537,92,322,44,101,12,43,1.02,108
538,79,294,25,62,9,33,0.89,116
539,82,293,37,86,12,50,1.03,91
540,74,311,27,66,10,34,0.97,104
541,88,342,41,97,10,45,1.06,87
542,77,314,19,73,13,42,0.86,88
543,96,336,25,75,15,52,0.98,113
544,104,330,29,75,14,55,1.00,127
545,105,307,42,92,13,55,1.09,118
546,90,289,35,71,10,36,0.98,119
547,70,228,32,65,8,30,0.93,103
548,74,254,25,55,9,42,1.01,99
549,92,295,32,72,11,45,1.01,115
550,106,321,47,96,10,49,1.13,126
551,122,345,52,106,11,52,1.16,141
552,114,352,53,115,11,54,1.24,120
553,76,283,50,97,7,39,1.35,87
554,50,180,24,53,5,29,1.12,67
555,86,340,23,63,8,45,1.08,91
556,69,277,28,75,12,66,1.15,75
557,88,338,30,87,12,66,1.20,81
558,109,352,40,112,13,66,1.21,113
559,120,349,40,110,10,56,1.14,134
560,100,331,32,85,8,39,1.00,121
561,85,302,30,70,7,39,0.96,98
562,89,329,21,68,7,38,0.92,102
563,83,341,26,71,8,34,1.04,113
564,72,301,36,69,6,27,1.27,110
565,55,194,24,50,6,28,1.04,72
566,63,234,19,50,6,32,1.06,75
567,64,269,19,54,6,32,0.94,80
568,82,323,27,63,6,32,0.98,97
569,84,343,27,58,6,33,0.98,106
570,70,285,24,61,5,34,1.04,82
571,76,277,24,61,5,34,1.05,83
572,80,298,19,60,7,34,0.90,93
573,70,251,31,74,6,31,0.99,83
574,83,307,41,76,5,25,1.13,104
575,79,277,39,88,5,26,1.25,102
576,38,46,17,36,5,23,1.08,56
577,57,185,38,62,5,25,1.60,39
578,76,268,30,55,5,31,1.44,94
579,83,298,36,74,6,43,1.28,98
580,108,353,72,115,6,41,1.51,118
581,98,359,63,112,6,47,1.25,91
582,97,352,43,94,8,55,1.05,94
583,124,360,43,111,13,63,1.09,128
584,108,355,56,115,9,52,1.18,113
585,74,272,43,96,8,46,1.19,65
586,48,131,26,46,5,25,1.03,63
587,49,190,18,35,8,32,0.91,84
588,70,308,24,73,11,42,0.92,91
589,90,326,29,79,13,59,1.06,98
590,102,334,37,97,13,61,1.06,94
591,92,354,30,77,9,45,0.95,109
592,60,276,27,56,7,29,0.98,88
593,73,330,32,60,6,37,1.10,93
594,100,356,54,104,8,53,1.27,101
595,95,346,49,92,8,47,1.20,95
596,76,326,40,76,9,36,1.08,104
597,67,294,45,75,7,30,1.05,78
598,71,326,47,83,6,39,1.36,52
599,67,304,44,74,6,28,1.31,65
600,42,90,15,35,7,25,1.02,70
601,64,258,35,71,9,33,1.27,62
602,66,294,22,56,12,34,0.98,122
603,77,332,29,79,15,41,0.97,86
604,58,282,27,68,11,47,1.01,46
605,55,266,34,61,9,39,1.12,39
606,68,316,38,79,10,30,1.30,63
607,28,54,11,27,8,33,1.08,39
608,29,55,12,23,6,27,1.04,50
609,27,45,9,17,5,32,1.27,45
610,47,202,16,39,8,43,1.30,62
611,83,337,58,97,9,45,1.52,42
612,70,287,48,80,9,44,1.48,41
613,53,204,33,55,8,38,1.09,41
614,61,277,40,68,10,43,1.26,32
615,50,207,31,53,9,44,1.22,28
616,48,194,17,44,9,48,1.05,54
617,66,277,29,73,11,55,1.08,64
618,85,324,56,118,13,78,1.26,8
619,29,28,14,26,6,33,0.99,54
620,49,182,20,52,9,34,0.94,53
621,73,307,31,94,13,54,1.06,56
622,84,321,46,112,14,56,1.26,70
623,61,174,31,67,9,29,0.89,100
624,79,301,52,97,12,47,1.12,86
625,97,346,70,126,14,54,1.27,65
626,75,260,52,87,10,56,1.39,36
627,63,177,43,71,8,46,1.39,62
628,70,173,41,87,12,54,1.34,54
629,60,153,30,69,11,54,1.14,35
630,69,269,34,86,13,59,1.14,51
631,93,322,53,120,13,68,1.21,73
632,91,324,49,130,16,72,1.26,25
633,120,358,83,186,22,75,1.68,57
634,125,363,93,194,18,75,1.75,53
635,60,245,39,71,6,36,1.20,37
636,35,57,17,34,7,32,1.01,34
637,35,83,18,34,6,37,1.02,33
638,59,266,35,66,9,46,1.13,41
639,91,332,63,129,12,67,1.57,38
640,79,300,53,104,11,51,1.54,26
641,84,328,61,101,9,48,1.51,11
642,82,336,59,106,11,49,1.66,15
643,23,14,9,17,6,23,0.90,41
644,43,203,28,41,8,33,1.06,24
645,65,292,45,74,9,42,1.25,16
646,75,269,52,92,13,45,1.71,14
647,84,296,60,112,13,44,2.19,6
648,25,21,10,23,8,24,0.91,33
649,24,40,8,18,7,30,0.85,36
650,38,179,23,34,8,44,1.15,5
651,33,113,19,32,8,48,1.10,27
652,85,327,61,87,13,54,1.45,11
653,97,329,72,111,14,54,1.68,8
654,81,301,59,89,10,43,1.26,20
655,69,279,48,78,9,40,1.24,23
656,54,247,36,57,9,40,1.29,35
657,75,302,51,87,9,50,1.54,26
658,89,289,62,113,11,57,1.66,31
659,110,306,80,152,13,68,1.96,25
660,92,285,62,133,14,62,1.85,16
661,94,293,59,135,14,63,1.90,7
662,116,343,85,164,14,56,1.94,31
663,82,239,56,101,10,38,1.31,40
664,106,290,79,134,10,54,1.52,21
665,83,200,50,107,12,54,1.47,28
666,104,253,73,142,15,79,1.62,20
667,106,283,67,142,15,63,1.37,14
668,76,209,27,100,13,52,0.91,22
669,74,247,47,96,14,60,1.09,13
670,84,235,60,107,14,60,1.32,5
671,72,128,51,79,10,54,1.30,6
672,73,106,40,93,10,60,1.44,22
673,87,193,47,122,18,66,1.23,23
674,107,315,77,138,15,66,1.29,31
675,171,359,129,204,18,86,1.72,18
676,187,350,142,235,19,91,2.01,23
677,92,155,51,131,17,69,1.39,28
678,131,285,98,183,22,88,1.74,19
679,149,337,103,196,19,74,1.76,15
680,64,145,22,79,12,52,1.01,22
681,86,319,48,119,20,58,1.47,10
682,122,358,92,166,23,66,1.89,11
683,174,364,132,220,18,88,2.13,14
684,182,364,137,204,22,79,2.28,13
685,177,361,134,195,27,79,2.32,15
686,260,365,209,281,26,99,2.64,6
687,292,364,241,323,29,97,2.78,6
688,87,348,47,110,20,57,1.27,20
689,81,298,58,97,21,55,1.24,14
690,90,292,67,99,20,63,1.54,12
691,110,305,76,128,22,64,1.46,22
692,73,232,36,93,17,62,1.14,29
693,85,322,54,109,23,72,1.50,21
694,98,337,61,139,20,72,1.62,19
695,113,329,78,145,23,80,1.77,18
696,114,327,83,147,27,78,1.87,16
697,169,351,127,208,27,85,2.12,10
698,140,301,102,166,25,76,1.77,23
699,143,353,107,172,23,67,1.63,15
700,175,364,132,195,24,71,1.91,22
701,159,351,121,195,31,80,1.97,8
702,237,361,186,250,32,95,2.40,13
703,195,338,154,213,26,87,2.28,22
704,136,303,96,145,22,74,1.77,21
705,107,291,76,126,24,68,1.55,20
706,126,305,94,147,31,76,1.63,17
707,132,279,95,148,30,76,1.70,20
708,62,129,30,71,17,59,0.99,26
709,102,292,76,123,26,72,1.35,21
710,96,239,59,139,23,71,1.42,27
711,124,337,92,167,37,86,1.80,18
712,147,354,109,184,39,78,1.85,13
713,123,338,92,145,26,60,1.59,8
714,174,353,132,172,26,63,1.73,6
715,185,341,143,199,31,69,1.95,20
716,75,234,44,95,20,53,1.26,29
717,109,348,81,132,29,76,1.73,14
718,116,345,85,131,28,66,1.61,26
719,99,313,70,118,28,71,1.79,20
720,103,314,74,119,31,75,1.70,21
721,159,354,121,177,38,102,2.19,10
722,231,362,181,246,44,116,2.65,12
723,195,327,148,223,33,91,2.21,24
724,128,266,43,205,17,52,1.07,47
725,132,337,96,210,35,81,1.80,12
726,189,355,142,232,41,93,2.22,12
727,262,365,212,296,44,111,3.01,12
728,355,363,304,385,46,124,3.60,11
729,340,346,118,513,24,62,1.59,25
730,179,278,66,277,21,56,1.44,28
731,190,304,116,326,32,79,2.16,13
732,255,354,188,387,40,109,2.91,16
733,289,363,234,381,50,97,3.10,6
734,186,360,147,210,20,59,2.13,17
735,103,336,77,84,11,36,1.33,30
736,145,344,110,121,20,45,1.57,31
737,200,362,152,164,22,50,2.00,31
738,144,324,110,126,24,44,1.92,48
739,69,200,33,86,19,45,1.20,55
740,87,330,59,97,22,69,1.45,34
741,121,351,82,145,27,79,1.61,29
742,150,354,114,174,32,98,1.92,18
743,184,360,139,190,36,96,2.25,21
744,279,365,228,276,41,108,2.73,9
745,324,364,273,314,37,108,2.88,21
746,343,364,292,346,37,112,3.23,14
747,262,344,211,282,33,101,2.81,24
748,197,312,146,249,30,80,2.13,24
749,182,296,137,221,35,91,2.38,10
750,200,283,151,234,31,99,2.44,16
751,234,322,183,255,32,105,2.53,21
752,241,335,190,244,33,99,2.50,23
753,239,354,188,249,30,104,2.66,13
754,174,351,134,199,21,69,2.01,21
755,178,363,134,167,19,58,1.88,10
756,187,367,141,158,12,49,1.52,29
757,154,360,116,127,20,45,1.44,45
758,168,361,127,146,19,53,1.51,38
759,165,343,125,156,20,53,1.55,40
760,63,153,44,64,25,51,1.25,46
761,72,138,51,72,21,55,1.27,50
762,70,131,26,89,16,43,1.12,55
763,105,274,76,123,25,75,1.70,27
764,74,184,34,87,18,49,1.09,42
765,69,243,43,84,22,64,1.33,26
766,109,344,82,126,26,79,1.64,21
767,115,352,86,126,26,79,1.67,33
768,138,352,104,147,28,94,1.93,29
769,160,357,117,166,29,87,1.87,24
770,124,314,92,163,34,76,1.75,25
771,212,328,105,277,28,61,1.43,40
772,183,354,50,262,13,33,0.81,62
773,89,216,47,120,19,48,1.07,45
774,86,254,56,113,23,59,1.29,39
775,130,346,98,141,27,72,1.82,37
776,195,363,150,191,40,76,2.24,51
777,129,318,92,167,30,39,1.52,64
778,287,359,237,303,47,46,1.98,76
779,246,360,195,240,43,46,2.33,64
780,195,346,154,190,28,39,2.02,52
781,62,201,44,63,12,26,1.09,69
782,82,258,59,76,16,32,1.29,43
783,41,70,24,39,9,22,0.87,66
784,51,146,30,52,12,45,1.07,50
785,75,253,52,86,18,50,1.40,48
786,92,312,33,131,15,39,0.95,58
787,107,324,74,155,21,60,1.50,44
788,168,348,127,196,27,85,1.87,36
789,130,310,96,136,21,70,1.76,32
790,90,245,61,97,15,63,1.72,38
791,130,349,86,180,18,53,1.44,54
792,127,349,95,154,18,65,1.47,35
793,233,359,182,239,24,86,1.94,47
794,110,327,63,137,14,56,1.21,40
795,75,319,53,63,9,47,1.17,21
796,69,280,47,65,8,35,1.14,38
797,73,271,52,67,9,40,1.20,41
798,92,318,63,115,14,53,1.38,39
799,184,361,138,197,15,75,1.64,40
800,232,360,181,257,23,100,2.10,34
801,231,349,181,262,20,86,2.02,59
802,232,357,181,263,20,93,2.01,55
803,154,337,116,190,18,89,1.88,55
804,105,288,76,145,19,84,1.69,52
805,156,330,86,217,21,76,1.55,64
806,205,350,36,305,8,26,0.98,71
807,73,266,42,76,8,40,1.15,42
808,118,314,89,100,8,51,1.48,15
809,121,309,91,113,10,58,1.76,13
810,156,346,118,146,12,57,1.63,46
811,149,359,99,190,13,64,1.53,46
812,117,339,76,164,13,66,1.28,52
813,101,253,64,150,18,78,1.25,43
814,130,320,97,184,25,78,1.57,60
815,124,309,93,160,18,74,1.45,69
816,132,324,87,190,17,82,1.58,54
817,106,275,41,161,15,78,1.27,46
818,104,280,53,155,16,82,1.40,48
819,129,313,68,204,17,62,1.37,76
820,111,316,69,169,14,44,1.26,98
821,101,255,60,138,13,53,1.25,56
822,123,293,48,195,12,52,0.94,68
823,128,307,64,203,15,78,1.23,68
824,138,306,83,222,23,77,1.44,83
825,244,343,48,352,10,28,1.18,70
826,88,284,44,121,6,33,1.15,54
827,88,284,44,121,6,33,1.15,54
828,134,345,42,217,6,25,0.78,95
829,85,280,41,119,14,65,1.10,42
830,88,284,46,123,13,69,1.23,47
831,109,317,71,162,17,86,1.44,51
832,235,336,97,328,16,77,1.30,46
833,218,356,120,359,23,81,1.37,20
834,93,309,61,131,8,33,1.29,59
835,43,72,17,36,6,29,0.93,58
836,84,281,29,116,9,40,0.86,56
837,93,263,38,134,10,60,0.97,52
838,94,223,50,136,14,72,1.12,49
839,105,253,61,158,16,81,1.29,62
840,111,273,59,169,15,77,1.43,67
841,96,240,41,137,11,52,1.15,84
842,82,224,44,108,11,34,1.02,100
843,75,290,41,83,9,45,1.11,71
844,97,358,66,114,11,54,1.47,39
845,66,302,44,74,11,40,1.47,56
846,53,177,27,54,9,36,1.09,37
847,35,26,16,33,8,38,0.84,53
848,59,99,25,66,10,54,0.94,52
849,74,193,32,97,13,71,1.05,57
850,67,113,27,82,11,55,0.96,59
851,71,137,28,79,12,54,0.94,72
852,106,300,48,160,13,69,0.96,41
853,94,292,41,137,11,46,0.84,74
854,84,318,29,113,10,48,0.70,79
855,91,351,45,127,17,64,0.91,72
856,80,254,41,109,12,58,1.07,53
857,87,301,38,121,11,43,1.02,47
858,51,150,19,56,7,37,0.82,48
859,59,189,24,59,7,39,0.90,86
860,81,285,50,110,11,65,1.18,26
861,84,260,56,115,11,53,1.28,53
862,72,209,47,90,9,48,1.21,66
863,55,112,18,57,7,32,0.89,78
864,70,209,26,88,9,54,0.85,63
865,88,266,40,123,12,68,1.12,69
866,90,269,40,118,11,52,1.00,77
867,87,289,35,82,9,37,0.92,112
868,101,323,42,104,9,57,1.06,100
869,106,357,50,156,8,46,0.96,63
870,92,334,41,118,12,38,0.94,100
871,62,227,35,63,6,26,1.16,83
872,48,130,26,48,7,28,1.11,63
873,64,288,34,80,6,31,1.08,43
874,118,343,51,184,6,27,0.73,87
875,86,248,40,120,12,62,0.94,56
876,99,291,48,139,12,64,1.09,73
877,90,278,39,107,11,47,1.10,94
878,162,324,74,237,7,37,0.84,58
879,122,335,51,191,8,38,0.78,64
880,94,243,39,137,10,66,0.95,47
881,82,216,36,109,11,68,1.03,58
882,81,245,38,109,15,72,1.06,61
883,85,264,32,90,12,53,0.97,93
884,86,237,43,96,9,32,0.94,137
885,93,268,34,75,8,45,0.89,123
886,89,246,34,97,10,47,0.88,103
887,68,185,22,74,8,37,0.72,91
888,83,263,28,85,11,61,0.86,88
889,102,289,33,90,11,62,0.99,115
890,91,274,33,130,9,27,0.75,95
891,44,102,19,45,6,24,0.80,66
892,51,165,16,36,7,32,0.83,82
893,73,302,23,61,9,54,0.89,82
894,87,294,25,67,11,53,0.93,96
895,87,280,21,56,10,39,0.86,119
896,86,295,27,75,10,50,0.96,101
897,103,337,30,87,15,59,1.00,120
898,80,246,31,73,11,47,0.95,99
899,62,193,29,57,8,33,0.90,102
900,86,288,44,77,8,38,1.10,98
901,58,162,30,52,5,26,1.19,88
902,66,289,23,44,6,32,1.12,103
903,88,316,37,68,7,36,1.04,102
904,65,231,22,44,6,21,0.81,113
905,84,294,34,67,10,34,0.91,121
906,94,301,36,74,11,38,0.91,126
907,81,270,32,62,7,24,0.90,119
908,61,243,41,66,5,28,1.17,71
909,41,143,23,39,5,28,1.32,53
910,53,235,23,51,5,40,1.21,58
911,68,297,18,45,5,32,0.96,94
912,96,333,40,89,8,47,1.19,117
913,83,312,38,76,6,26,1.13,121
914,70,284,28,57,7,22,0.88,114
915,69,293,41,57,5,22,0.94,112
916,47,193,30,42,5,23,0.94,77
917,35,79,14,21,5,24,1.07,69
918,60,267,25,44,5,30,1.23,94
919,83,319,44,79,6,41,1.22,95
920,96,349,56,94,6,38,1.15,115
921,54,273,36,55,5,29,1.05,70
922,37,172,20,31,5,25,1.12,65
923,35,122,20,34,6,20,1.26,46
924,32,64,10,26,5,24,0.98,50
925,51,244,22,51,6,42,1.06,57
926,73,346,44,87,5,51,1.21,66
927,65,314,34,68,5,34,1.03,64
928,57,247,26,55,5,28,0.89,67
929,61,288,27,65,6,32,0.90,75
930,60,274,20,47,6,27,0.88,80
931,48,173,18,47,6,26,0.77,50
932,48,172,24,46,6,14,0.73,70
933,53,189,25,49,6,19,0.74,78
934,71,286,17,49,7,19,0.74,106
935,69,280,32,67,6,26,0.85,92
936,74,317,35,67,6,21,0.82,121
937,71,313,21,55,7,28,0.77,101
938,87,337,21,65,8,35,0.85,104
939,63,259,22,66,6,37,0.91,62
940,49,193,20,46,6,29,0.92,58
941,55,207,22,49,6,23,0.87,81
942,67,243,34,60,6,24,0.95,90
943,68,262,31,60,6,28,0.99,90
944,54,203,25,52,6,35,1.03,68
945,51,182,24,50,6,30,0.91,61
946,42,123,17,35,6,18,0.74,79
947,70,286,36,62,6,25,0.91,107
948,97,336,40,81,8,42,1.05,116
949,96,355,42,86,8,41,0.98,118
950,107,363,56,98,9,39,1.20,122
951,92,348,36,73,7,33,1.05,121
952,91,349,24,55,7,32,0.96,137
953,73,293,23,56,8,28,0.90,95
954,60,176,18,43,8,28,0.85,90
955,65,205,24,55,9,34,0.82,92
956,78,310,21,58,8,35,0.82,99
957,78,340,32,73,8,36,0.96,98
958,90,354,41,76,8,40,1.14,114
959,83,349,47,88,8,46,1.24,92
960,70,342,33,67,8,30,1.08,96
961,53,249,26,52,8,31,1.02,82
962,72,342,24,56,8,33,0.94,100
963,70,341,26,61,11,39,0.95,90
964,94,361,32,71,11,39,1.02,111
965,66,278,25,55,8,28,0.91,94
966,37,50,10,24,6,26,0.73,64
967,54,154,20,42,7,40,0.85,82
968,85,290,42,78,9,36,1.13,131
969,91,312,39,75,9,35,0.95,137
970,110,351,49,94,10,39,1.10,149
971,84,358,39,83,9,23,1.03,136
972,31,82,9,25,6,26,0.78,57
973,53,236,13,42,7,32,0.69,92
974,67,295,20,62,10,44,0.82,81
975,39,101,11,27,6,27,0.69,69
976,50,172,19,58,8,36,0.79,48
977,49,244,12,50,8,40,0.61,52
978,51,244,15,45,8,50,0.66,54
979,64,298,27,68,10,50,0.84,69
980,58,235,22,45,7,30,0.77,90
981,62,255,25,54,10,41,0.80,80
982,63,267,37,73,11,46,0.94,73
983,58,255,34,64,8,47,0.91,58
984,62,287,39,71,8,51,0.97,35
985,36,97,16,38,7,30,0.80,27
986,21,12,9,20,7,25,0.68,37
987,35,148,20,35,7,43,0.82,19
988,40,182,21,40,7,41,0.94,21
989,26,51,12,24,7,40,1.15,18
990,33,70,13,32,7,43,1.23,15
991,50,197,18,48,8,42,0.95,53
992,63,284,24,70,12,52,1.03,56
993,70,308,34,83,15,59,1.20,56
994,71,306,34,90,15,53,1.14,51
995,40,138,23,40,7,31,0.98,46
996,42,176,26,42,8,35,0.97,37
997,52,232,31,57,7,43,1.13,14
998,54,219,18,62,8,46,1.05,24
999,65,271,23,79,9,55,0.90,30
1000,56,196,21,63,11,50,0.81,44
1001,46,162,15,46,11,52,0.74,43
1002,56,180,24,62,11,65,0.85,36
1003,60,158,28,69,11,68,0.89,39
1004,67,206,38,81,13,64,1.05,46
1005,79,275,50,104,12,69,1.17,47
1006,72,234,36,92,10,57,0.98,35
1007,72,215,37,92,10,61,0.98,26
1008,87,284,56,120,10,60,1.14,30
1009,57,193,17,62,9,51,0.74,36
1010,60,262,20,68,10,64,0.76,30
1011,75,340,44,96,13,68,0.99,31
1012,96,360,69,124,14,72,1.25,44
1013,78,296,49,103,11,67,1.20,30
1014,93,335,69,97,8,47,1.20,43
1015,85,319,62,104,8,64,1.20,33
1016,92,319,66,116,10,73,1.22,23
1017,102,338,71,135,10,53,1.24,45
1018,66,287,44,74,8,28,0.99,89
1019,52,193,34,51,8,28,0.83,74
1020,46,133,30,43,7,38,0.80,38
1021,66,236,47,61,7,48,1.01,17
1022,64,222,32,77,8,45,1.06,22
1023,88,335,48,124,12,63,1.18,26
1024,102,331,68,152,13,77,1.29,27
1025,78,265,40,103,9,62,1.03,28
1026,74,298,28,97,10,59,0.95,22
1027,78,332,42,103,11,69,1.13,18
1028,71,291,36,91,11,59,1.08,29
1029,65,247,30,80,11,59,1.05,29
1030,70,269,31,88,11,59,0.98,27
1031,80,296,42,109,11,73,1.04,20
1032,123,356,86,164,16,79,1.35,38
1033,92,299,62,119,13,59,1.12,69
1034,95,312,67,115,14,62,1.12,55
1035,65,231,27,76,9,36,0.77,30
1036,46,156,28,48,8,41,0.84,12
1037,29,57,19,26,7,35,0.81,24
1038,40,153,25,37,8,43,0.93,21
1039,59,263,37,60,9,60,1.17,15
1040,95,341,70,106,10,69,1.32,17
1041,128,359,96,145,11,70,1.60,5
1042,105,348,78,112,9,60,1.44,10
1043,128,333,96,146,10,68,1.52,17
1044,171,352,129,179,10,71,1.67,12
1045,187,351,140,198,11,68,1.78,6
1046,97,304,55,123,9,40,1.04,10
1047,49,256,25,52,8,33,0.77,18
1048,41,165,27,38,9,35,0.81,25
1049,59,222,31,66,11,42,0.95,29
1050,83,287,56,111,13,68,1.30,11
1051,109,322,81,134,13,61,1.47,5
1052,71,270,37,83,12,49,1.01,25
1053,84,287,56,112,14,73,1.27,10
1054,120,335,90,144,15,86,1.53,11
1055,182,346,137,192,18,97,1.80,10
1056,175,314,133,185,16,92,1.73,12
1057,327,348,125,449,14,68,1.40,15
1058,408,361,130,526,21,70,1.43,7
1059,183,294,114,312,21,81,1.62,11
1060,194,324,146,300,26,93,1.94,10
1061,247,354,196,355,25,95,2.08,13
1062,248,339,199,316,20,85,2.16,10
1063,300,350,199,372,13,62,2.10,8
1064,400,362,100,568,13,39,0.83,24
1065,225,363,78,353,17,39,0.84,28
1066,141,357,86,228,15,45,1.24,14
1067,115,356,73,168,12,45,1.22,17
1068,60,310,24,67,14,31,0.87,28
1069,56,268,24,60,15,28,0.78,30
1070,79,304,56,82,21,44,1.06,19
1071,153,354,116,151,20,60,1.56,8
1072,105,298,67,120,16,50,1.15,22
1073,89,231,63,113,22,62,1.30,13
1074,127,301,96,151,23,83,1.57,10
1075,161,348,121,176,32,82,1.94,7
1076,133,307,95,154,26,69,1.69,18
1077,84,179,55,112,16,70,1.32,19
1078,101,254,72,131,20,89,1.50,15
1079,157,341,119,188,24,102,1.82,11
1080,215,345,165,241,33,109,2.15,9
1081,228,355,177,245,41,99,2.61,14
1082,142,321,107,176,23,73,1.63,9
1083,68,324,36,69,9,31,0.81,32
1084,60,240,41,66,10,40,0.75,24
1085,100,336,74,116,22,57,1.28,12
1086,135,350,101,145,17,61,1.36,13
1087,209,364,160,200,15,68,1.77,12
1088,272,366,221,262,16,82,2.24,13
1089,337,366,286,330,12,80,2.36,17
1090,299,360,248,298,16,75,2.17,16
1091,260,351,209,253,16,75,2.07,17
1092,343,366,292,335,11,73,2.38,9
1093,239,338,198,256,13,64,1.93,19
1094,126,285,95,145,19,71,1.45,14
1095,187,359,144,192,17,62,1.47,19
1096,195,353,149,176,13,57,1.43,11
1097,231,344,180,216,9,72,1.95,11
1098,262,345,211,255,11,83,2.20,13
1099,286,346,235,278,17,96,2.59,10
1100,279,347,230,273,18,93,2.16,17
1101,82,203,40,93,11,42,0.77,37
1102,65,193,33,77,16,51,0.94,17
1103,99,285,73,121,17,69,1.21,19
1104,146,318,111,161,18,82,1.53,10
1105,114,254,81,133,16,66,1.30,24
1106,84,229,57,106,17,60,1.03,22
1107,64,150,36,76,12,50,0.78,30
1108,92,215,67,111,16,82,1.20,18
1109,123,303,92,141,22,82,1.54,25
1110,203,356,153,211,29,96,2.00,7
1111,114,255,74,139,19,57,1.11,23
1112,137,315,104,146,21,58,1.30,22
1113,182,344,140,179,21,63,1.47,14
1114,158,325,120,156,19,63,1.42,22
1115,147,306,111,150,20,66,1.33,34
1116,131,287,99,125,13,60,1.25,21
1117,64,247,37,65,4,26,0.76,36
1118,77,199,54,88,8,36,1.02,35
1119,135,325,82,168,9,36,1.03,41
1120,91,207,33,130,7,23,0.53,53
1121,88,204,60,111,14,38,0.95,45
1122,266,348,216,268,31,49,1.46,42
1123,215,345,169,209,19,44,1.46,51
1124,152,353,107,191,9,27,1.27,37
1125,107,353,80,112,8,26,1.13,27
1126,134,328,101,141,14,32,1.47,18
1127,126,325,94,109,8,29,1.27,40
1128,212,363,162,176,7,35,1.61,39
1129,236,364,185,204,8,44,1.69,46
1130,161,342,122,140,6,29,1.21,30
1131,118,328,88,98,5,33,1.30,23
1132,133,342,100,138,8,40,1.42,27
1133,97,319,71,113,15,41,1.11,31
1134,176,360,132,171,10,45,1.41,20
1135,201,364,151,184,6,41,1.56,19
1136,188,350,141,174,8,46,1.60,32
1137,214,329,163,216,11,55,1.68,37
1138,172,310,131,182,11,57,1.45,31
1139,135,289,102,152,7,54,1.40,33
1140,146,281,111,162,11,66,1.47,45
1141,193,334,145,210,15,71,1.56,55
1142,162,314,122,178,10,64,1.43,60
1143,84,221,61,97,5,39,0.90,59
1144,96,264,70,114,5,43,1.03,49
1145,111,273,83,145,7,58,1.20,33
1146,92,211,67,123,8,50,1.07,40
1147,54,145,37,57,5,36,0.78,40
1148,60,161,40,67,6,54,1.01,33
1149,88,218,63,119,8,67,1.23,31
1150,89,213,62,125,8,66,1.19,39
1151,94,266,65,128,13,67,1.13,49
1152,90,314,51,128,7,42,0.66,67
1153,70,225,39,88,8,46,0.61,54
1154,94,311,63,130,8,66,0.92,41
1155,77,233,40,104,6,60,0.77,35
1156,63,162,25,75,5,46,0.62,37
1157,64,163,28,76,6,50,0.59,42
1158,68,201,37,83,14,52,0.81,32
1159,58,171,30,64,6,47,0.61,48
1160,66,264,31,81,7,59,0.61,37
1161,81,326,46,110,8,74,0.72,32
1162,89,300,55,126,14,73,0.89,35
1163,65,182,32,78,5,46,0.59,52
1164,76,230,37,99,6,59,0.68,40
1165,137,333,49,188,6,43,0.62,60
1166,116,346,34,180,3,22,0.36,66
1167,80,345,33,107,5,57,0.55,30
1168,81,339,37,111,7,58,0.62,42
1169,85,300,45,117,9,74,0.69,33
1170,88,315,44,124,7,74,0.77,38
1171,106,329,59,159,11,78,0.94,45
1172,96,303,50,140,8,68,0.83,45
1173,103,329,45,154,6,68,0.74,45
1174,104,340,44,157,6,57,0.64,40
1175,73,243,18,94,5,30,0.44,69
1176,77,331,43,101,11,53,0.67,53
1177,97,348,62,143,12,67,0.90,59
1178,107,347,51,162,10,65,0.86,38
1179,80,291,43,105,8,45,0.74,67
1180,63,184,28,73,6,49,0.64,71
1181,71,208,33,86,7,56,0.73,62
1182,75,225,34,96,7,54,0.68,62
1183,112,324,62,171,10,58,0.87,70
1184,144,351,88,236,11,48,1.11,86
1185,61,302,31,72,4,26,0.79,47
1186,73,330,52,86,4,41,1.09,16
1187,73,299,49,89,4,41,0.97,51
1188,77,257,52,99,5,46,0.84,39
1189,60,191,39,65,3,44,0.85,32
1190,60,220,26,68,6,40,0.65,54
1191,72,270,35,91,7,54,0.67,44
1192,75,274,29,105,4,44,0.52,47
1193,105,333,58,158,7,72,0.81,46
1194,102,300,50,140,9,65,1.03,77
1195,117,349,53,183,7,28,0.77,94
1196,56,144,31,63,4,30,0.71,46
1197,54,149,33,56,3,34,0.80,37
1198,60,196,38,64,4,28,1.13,69
1199,68,255,41,80,4,42,1.15,72
1200,98,308,45,140,5,51,1.04,67
1201,147,354,60,243,6,45,0.70,58
1202,73,309,46,82,4,30,0.72,40
1203,54,173,32,56,4,30,0.67,36
1204,70,305,50,62,3,34,0.69,29
1205,42,107,19,41,3,39,0.80,56
1206,73,262,21,93,5,33,0.47,70
1207,95,340,38,138,8,44,0.58,55
1208,67,202,35,82,7,37,0.57,79
1209,71,206,38,91,6,51,0.69,55
1210,73,222,43,84,5,44,0.73,63
1211,73,234,43,91,6,48,0.80,66
1212,59,234,24,67,4,31,0.60,68
1213,47,126,27,47,4,30,0.57,62
1214,51,144,26,42,3,29,0.60,67
1215,53,143,14,39,4,41,0.60,67
1216,53,102,17,49,4,43,0.56,62
1217,60,102,17,49,4,41,0.50,78
1218,306,349,165,576,4,41,0.45,45
1219,368,357,168,475,6,37,0.46,60
1220,197,360,106,330,8,70,0.83,18
1221,109,317,55,166,5,48,0.71,52
1222,88,280,45,124,5,58,0.72,21
1223,70,271,38,82,4,37,0.65,73
1224,86,333,49,120,5,67,0.84,49
1225,80,298,27,108,3,25,0.47,72
1226,70,273,24,86,5,41,0.44,66
1227,74,259,28,84,5,54,0.53,65
1228,77,243,23,70,5,60,0.51,82
1229,70,169,28,76,6,59,0.57,70
1230,80,218,27,70,6,57,0.55,90
1231,88,274,32,72,5,42,0.62,104
1232,91,330,33,130,5,30,0.48,85
1233,64,302,19,80,3,19,0.37,73
1234,32,43,15,25,2,27,0.50,54
1235,36,67,16,33,3,29,0.50,52
1236,47,127,13,38,4,31,0.54,70
1237,68,282,24,60,6,45,0.60,82
1238,56,156,22,60,4,30,0.44,93
1239,73,230,29,92,5,35,0.41,87
1240,67,226,25,64,5,42,0.47,87
1241,97,326,34,91,7,43,0.56,119
1242,38,64,17,26,3,21,0.48,65
1243,60,270,21,42,3,36,0.64,79
1244,76,310,25,55,4,43,0.69,100
1245,89,341,30,67,5,43,0.74,112
1246,89,328,31,68,4,41,0.68,120
1247,90,338,29,74,5,47,0.63,105
1248,61,255,26,66,4,45,0.57,85
1249,42,201,20,40,4,24,0.41,132
1250,39,142,19,39,4,25,0.47,81
1251,49,248,24,52,5,39,0.59,75
1252,63,305,25,53,5,38,0.61,106
1253,51,282,29,54,4,41,0.67,60
1254,25,78,13,18,3,17,0.64,70
1255,80,301,34,61,3,33,0.68,102
1256,75,297,40,72,4,37,0.72,95
1257,58,226,38,55,3,21,0.84,86
1258,37,97,6,15,3,18,0.43,66
1259,49,214,15,49,4,38,0.51,40
1260,62,292,18,52,5,38,0.55,72
1261,69,294,18,48,5,47,0.54,86
1262,78,294,27,65,6,52,0.62,98
1263,71,274,29,63,4,47,0.64,85
1264,59,225,16,34,3,26,0.46,90
1265,60,217,16,39,4,31,0.46,98
1266,70,315,14,57,4,34,0.34,98
1267,78,351,16,57,6,46,0.42,102
1268,43,213,19,36,4,24,0.56,92
1269,71,318,19,48,5,36,0.55,120
1270,72,336,25,58,5,40,0.60,114
1271,44,198,23,44,5,24,0.57,107
1272,42,199,25,43,4,25,0.63,84
1273,38,159,24,34,4,23,0.70,68
1274,33,148,18,33,4,24,0.71,59
1275,46,261,24,47,3,21,0.81,64
1276,42,217,12,32,4,23,0.58,88
1277,59,282,32,66,3,36,0.80,80
1278,41,195,21,42,3,22,0.60,63
1279,59,329,23,68,4,35,0.55,74
1280,68,334,28,86,5,38,0.50,60
1281,70,352,28,69,5,43,0.52,77
1282,67,323,28,71,4,40,0.58,86
1283,31,92,11,24,3,27,0.51,58
1284,57,278,15,33,3,28,0.54,81
1285,62,318,28,60,3,38,0.64,72
1286,41,169,15,41,3,26,0.52,60
1287,64,329,15,45,3,32,0.47,84
1288,80,356,21,63,4,39,0.51,92
1289,29,67,14,29,4,21,0.60,69
1290,52,206,31,56,4,31,0.80,47
1291,68,318,46,81,5,31,1.14,66
1292,84,359,52,100,5,34,1.20,107
1293,77,349,55,91,5,25,1.34,101
1294,74,340,52,90,5,24,1.30,82
1295,24,47,10,18,4,21,0.60,67
1296,40,217,19,40,5,37,0.70,57
1297,45,242,27,40,4,24,0.71,75
1298,49,263,23,47,6,36,0.63,84
1299,55,292,33,57,6,35,0.62,84
1300,57,298,39,60,5,40,0.71,56
1301,68,320,40,67,5,39,0.77,85
1302,61,278,33,69,6,47,0.70,71
1303,67,274,34,66,7,42,0.68,94
1304,70,242,39,79,6,49,0.72,81
1305,64,251,41,76,6,42,0.79,76
1306,40,190,28,34,4,19,0.88,80
1307,39,205,25,37,4,20,0.80,60
1308,33,132,18,33,4,22,0.83,37
1309,25,73,5,20,4,12,0.35,66
1310,18,26,6,11,4,23,0.37,55
1311,17,14,6,10,4,27,0.47,42
1312,28,72,17,27,5,39,0.62,28
1313,32,87,18,29,4,32,0.60,46
1314,41,163,24,40,5,38,0.68,37
1315,28,58,16,27,4,30,0.57,50
1316,38,118,18,39,5,40,0.68,37
1317,51,230,24,53,6,46,0.68,40
1318,53,247,26,56,6,47,0.66,58
1319,56,216,28,62,6,52,0.70,52
1320,56,167,27,61,7,53,0.69,34
1321,57,167,28,64,8,55,0.70,52
1322,64,224,38,78,8,58,0.77,58
1323,66,239,38,82,7,59,0.82,55
1324,63,173,33,77,7,57,0.76,54
1325,68,206,38,86,8,63,0.80,48
1326,81,290,51,111,8,69,0.92,58
1327,80,320,55,99,6,55,0.92,34
1328,75,311,52,88,6,42,0.90,63
1329,62,223,37,72,6,39,0.83,59
1330,38,140,23,38,5,24,0.63,30
1331,19,35,9,19,5,19,0.51,28
1332,19,26,11,19,5,27,0.55,25
1333,37,150,22,37,5,39,0.72,18
1334,42,183,24,42,6,33,0.71,32
1335,26,47,16,25,5,35,0.57,21
1336,37,98,17,36,5,35,0.68,13
1337,58,237,29,66,7,49,0.80,9
1338,75,334,48,90,6,53,0.92,18
1339,76,347,52,101,7,49,0.92,31
1340,54,293,37,60,6,39,0.73,21
1341,47,270,32,37,6,35,0.65,13
1342,41,159,26,28,5,38,0.70,22
1343,49,169,30,50,7,46,0.78,25
1344,69,276,48,80,8,57,0.90,27
1345,90,293,66,116,7,61,1.08,23
1346,73,220,51,91,6,50,0.95,9
1347,67,197,45,82,8,48,1.00,7
1348,90,293,67,112,7,57,1.04,12
1349,91,284,68,117,7,53,1.07,30
1350,37,94,20,46,5,29,0.46,36
1351,37,137,15,39,6,41,0.44,18
1352,51,208,25,56,7,45,0.58,19
1353,64,236,37,79,9,62,0.77,15
1354,93,255,41,136,8,52,0.58,29
1355,121,306,65,191,12,69,0.80,18
1356,91,230,50,133,9,59,0.75,24
1357,90,244,57,129,11,67,0.81,5
1358,90,244,57,129,11,67,0.81,5
1359,66,166,44,81,8,49,0.69,6
1360,69,185,47,77,6,44,0.75,19
1361,74,266,50,92,9,63,0.82,18
1362,125,352,95,140,9,71,0.99,22
1363,183,366,138,193,9,73,1.29,14
1364,166,362,126,165,8,59,1.39,10
1365,99,319,73,100,6,49,1.20,16
1366,136,344,103,136,6,57,1.20,25
1367,192,355,146,202,8,68,1.46,7
1368,55,89,28,61,7,51,0.72,22
1369,81,261,51,109,13,71,1.03,7
1370,89,295,65,109,12,64,0.97,8
1371,41,79,16,43,7,41,0.45,34
1372,74,310,37,99,9,71,0.82,13
1373,94,329,63,138,11,80,1.07,13
1374,132,333,99,163,17,79,1.37,10
1375,128,309,78,171,11,53,0.90,23
1376,95,301,46,139,9,56,0.62,13
1377,111,325,76,170,15,67,0.96,15
1378,159,359,120,209,16,89,1.35,5
1379,183,359,138,195,13,79,1.43,14
1380,211,364,162,203,12,82,1.43,13
1381,237,360,187,228,13,85,1.43,25
1382,42,116,28,44,5,24,0.46,43
1383,49,253,33,48,7,34,0.58,19
1384,74,311,53,85,9,43,0.74,6
1385,96,338,71,97,10,43,0.81,4
1386,90,335,67,100,13,47,0.92,12
1387,115,350,86,110,10,45,0.85,12
1388,112,333,84,98,7,40,0.83,13
1389,55,204,33,52,8,38,0.58,32
1390,69,265,34,88,11,63,0.75,16
1391,92,308,68,121,15,68,0.99,12
1392,83,279,60,107,14,64,0.88,16
1393,102,330,75,131,17,75,1.09,10
1394,164,360,124,180,18,73,1.35,11
1395,239,364,189,236,16,91,1.67,9
1396,190,327,150,191,14,74,1.35,16
1397,79,155,54,105,15,72,0.99,13
1398,81,159,49,105,13,62,0.81,20
1399,105,246,73,156,17,76,1.05,9
1400,134,333,102,173,21,73,1.26,11
1401,173,348,131,190,21,83,1.41,13
1402,157,335,118,178,18,64,1.16,17
1403,87,256,65,81,13,46,0.73,17
1404,108,303,79,113,11,50,0.82,17
1405,84,264,61,103,13,54,0.80,21
1406,58,228,38,64,10,44,0.52,38
1407,84,308,61,101,13,63,0.83,15
1408,168,359,128,157,17,69,1.34,14
1409,250,365,200,237,14,87,1.75,9
1410,292,364,244,274,12,85,1.85,14
1411,323,366,273,300,12,77,1.99,14
1412,225,347,175,191,12,58,1.80,8
1413,200,349,157,182,10,47,1.63,11
1414,54,173,18,60,8,37,0.58,34
1415,65,167,43,77,12,61,0.90,16
1416,108,295,81,122,18,78,1.32,11
1417,139,320,105,140,17,76,1.37,17
1418,81,196,47,85,12,48,0.80,29
1419,68,264,37,87,17,38,0.85,18
1420,115,323,86,133,18,52,1.26,9
1421,147,318,112,146,20,59,1.33,8
1422,205,339,156,184,22,80,1.66,14
1423,247,337,197,220,22,81,1.84,19
1424,159,314,124,136,12,60,1.79,11
1425,124,319,94,100,8,49,1.74,9
1426,102,326,76,92,10,41,0.99,37
1427,146,351,110,122,11,50,1.41,12
1428,231,358,181,207,11,49,2.00,5
1429,187,335,142,140,9,46,2.12,12
1430,133,302,100,102,9,46,1.38,29
1431,152,308,115,128,13,60,1.32,17
1432,210,335,161,177,14,61,1.73,16
1433,120,257,90,113,14,49,1.22,22
1434,198,347,152,154,11,55,1.47,10
1435,219,345,169,165,11,55,1.82,9
1436,245,350,195,211,10,68,2.00,7
1437,241,350,191,209,8,68,1.68,15
1438,81,195,48,87,10,47,0.79,33
1439,81,219,57,99,16,49,1.00,31
1440,121,279,91,118,18,50,1.37,31
1441,190,340,145,158,14,51,1.50,29
1442,273,355,223,229,14,58,1.90,26
1443,267,352,217,225,14,34,1.81,41
1444,275,345,225,226,12,24,1.75,46
1445,197,336,158,159,9,21,1.41,49
1446,96,264,71,70,8,16,1.00,62
1447,77,198,56,57,8,21,1.07,51
1448,86,259,64,67,10,23,1.03,52
1449,94,278,70,75,12,29,1.02,61
1450,154,340,117,118,14,33,1.28,62
1451,183,357,138,135,17,31,1.49,63
1452,90,293,64,71,10,15,0.83,73
1453,62,233,44,54,13,22,0.83,58
1454,124,335,94,94,13,29,1.10,64
1455,168,359,127,131,11,21,1.31,63
1456,97,343,72,70,6,17,1.01,26
1457,99,320,74,68,7,17,0.98,32
1458,85,272,63,61,10,22,1.06,41
1459,142,331,107,111,12,35,1.20,49
1460,132,330,100,103,15,35,1.18,57
1461,170,357,128,126,14,39,1.35,69
1462,182,359,137,138,14,40,1.41,71
1463,175,357,132,133,13,38,1.34,71
1464,126,352,29,201,7,12,0.40,67
1465,57,330,16,66,6,8,0.36,69
1466,37,246,22,34,8,15,0.53,61
1467,46,297,30,38,10,21,0.60,58
1468,76,331,56,60,12,37,0.81,51
1469,90,318,67,77,12,38,0.87,60
1470,121,313,71,142,11,28,0.80,52
1471,87,276,41,124,7,20,0.60,54
1472,86,319,44,122,11,32,0.78,50
1473,103,344,77,130,12,45,0.92,50
1474,101,298,74,109,11,40,0.92,57
1475,153,355,115,140,18,48,1.40,62
1476,157,363,119,150,9,31,1.23,59
1477,36,93,25,29,5,21,0.89,29
1478,37,183,26,26,4,20,0.74,18
1479,58,247,41,49,5,27,0.84,43
1480,73,310,37,85,7,36,0.68,40
1481,45,182,26,42,5,25,0.49,52
1482,54,254,30,52,7,32,0.55,40
1483,78,340,53,88,8,46,0.66,35
1484,90,354,66,86,9,35,0.74,51
1485,118,358,89,116,8,54,0.85,45
1486,116,331,87,127,12,58,0.99,45
1487,101,294,75,114,10,45,0.83,52
1488,104,329,40,163,6,23,0.36,54
1489,101,358,45,151,7,38,0.40,46
1490,81,305,47,113,10,59,0.60,31
1491,95,337,66,134,12,64,0.76,20
1492,92,347,36,133,8,45,0.48,43
1493,97,358,43,143,9,53,0.52,36
1494,78,334,35,105,9,57,0.53,38
1495,67,250,35,86,8,48,0.50,50
1496,59,187,25,69,7,46,0.49,51
1497,76,242,33,102,8,51,0.52,49
1498,120,336,49,189,9,58,0.57,32
1499,110,351,57,171,11,65,0.67,43
1500,98,326,52,146,10,63,0.68,37
1501,91,350,59,128,12,57,0.69,45
1502,91,342,60,129,13,57,0.83,66
1503,78,310,46,105,10,53,0.73,71
1504,86,303,52,120,10,53,0.80,70
1505,181,358,49,297,6,22,0.46,58
1506,27,113,18,24,5,25,0.43,37
1507,44,245,28,44,6,29,0.52,33
1508,28,104,18,22,5,26,0.47,49
1509,67,275,48,60,6,40,0.58,33
1510,62,245,35,64,6,41,0.56,42
1511,94,349,58,115,8,51,0.66,26
1512,48,167,33,40,5,29,0.82,27
1513,48,145,28,47,6,31,0.65,40
1514,55,154,28,61,7,44,0.57,44
1515,74,285,48,94,8,55,0.67,48
1516,65,225,38,80,7,49,0.56,53
1517,75,300,41,100,9,58,0.65,46
1518,61,201,25,72,7,46,0.47,63
1519,84,322,51,115,8,49,0.64,73
1520,75,303,48,93,6,28,0.72,39
1521,46,153,27,49,6,30,0.72,53
1522,66,246,39,79,8,50,0.57,60
1523,82,310,51,111,11,76,0.68,34
1524,81,268,42,111,9,60,0.64,44
1525,88,298,42,126,11,67,0.65,38
1526,88,296,33,126,8,49,0.52,54
1527,97,332,41,145,10,39,0.47,69
1528,67,219,36,72,5,23,0.52,80
1529,61,244,35,62,5,34,0.63,78
1530,77,346,22,105,6,41,0.46,50
1531,65,330,27,80,8,51,0.45,35
1532,67,339,37,85,12,53,0.61,38
1533,77,362,51,98,11,59,0.65,46
1534,69,298,33,87,10,53,0.53,55
1535,67,294,28,84,8,46,0.48,55
1536,63,273,25,77,7,41,0.46,58
1537,82,355,47,114,11,43,0.62,87
1538,86,347,51,122,11,56,0.72,85
1539,93,352,49,134,10,76,0.83,65
1540,83,308,35,105,9,65,0.70,76
1541,78,299,34,100,9,64,0.65,71
1542,82,320,35,97,8,61,0.61,83
1543,86,301,42,98,8,64,0.65,89
1544,103,357,57,150,12,51,0.80,97
1545,57,281,30,66,6,22,0.70,65
1546,61,292,22,72,6,23,0.68,73
1547,38,122,25,38,5,20,0.70,54
1548,83,354,33,125,5,14,0.51,58
1549,35,131,13,35,5,14,0.41,65
1550,60,247,25,72,6,36,0.51,52
1551,63,257,15,76,5,18,0.37,79
1552,54,188,18,58,6,44,0.48,54
1553,73,264,40,97,8,62,0.68,16
1554,55,199,23,61,7,43,0.57,49
1555,76,304,32,99,7,59,0.64,73
1556,65,267,26,81,5,30,0.39,72
1557,79,295,29,107,7,43,0.45,72
1558,78,331,23,105,5,22,0.29,87
1559,66,312,31,83,9,47,0.50,55
1560,64,244,36,78,7,38,0.63,70
1561,75,317,33,96,7,36,0.62,87
1562,80,354,26,94,8,52,0.58,86
1563,79,346,30,107,7,33,0.45,81
1564,53,243,17,59,6,32,0.39,56
1565,43,198,12,44,6,27,0.35,78
1566,59,321,20,67,7,39,0.42,70
1567,51,246,14,54,6,24,0.34,71
1568,56,222,18,61,7,40,0.38,72
1569,58,234,22,60,7,38,0.43,85
1570,90,356,38,130,7,26,0.42,95
1571,96,360,44,140,9,38,0.58,95
1572,77,310,32,104,7,41,0.51,66
1573,54,255,19,62,6,38,0.49,57
1574,62,264,23,74,6,50,0.45,71
1575,82,312,32,96,8,67,0.59,86
1576,89,335,33,92,9,50,0.58,122
1577,63,283,29,76,6,18,0.49,133
1578,57,258,18,59,6,17,0.42,136
1579,47,202,26,52,5,16,0.47,63
1580,36,170,20,36,4,24,0.51,39
1581,62,319,28,60,5,31,0.65,89
1582,70,331,44,90,5,35,0.76,73
1583,43,249,20,41,4,24,0.68,70
1584,60,306,31,70,4,40,0.72,54
1585,69,346,25,75,6,42,0.59,84
1586,60,302,34,71,5,43,0.83,63
1587,24,95,14,19,4,18,0.99,68
1588,26,123,9,16,4,18,0.81,73
1589,52,313,17,41,5,32,0.60,82
1590,58,314,34,63,5,32,0.67,65
1591,41,189,22,41,5,17,0.55,84
1592,41,228,23,43,5,23,0.59,79
1593,36,218,21,35,4,23,0.62,59
1594,46,285,21,48,5,31,0.61,54
1595,68,343,27,62,5,32,0.60,99
1596,79,363,27,87,7,27,0.61,123
1597,50,286,22,57,6,27,0.55,72
1598,40,248,21,40,5,27,0.56,40
1599,33,189,20,33,4,23,0.83,42
1600,41,257,18,37,4,29,0.83,65
1601,59,337,19,53,5,28,0.58,94
1602,65,315,36,80,5,40,0.70,74
1603,65,346,19,54,5,36,0.54,102
1604,72,356,38,81,5,36,0.69,102
1605,71,357,41,79,5,26,0.77,107
1606,77,361,38,79,5,34,0.78,109
1607,81,355,27,71,6,39,0.63,123
1608,75,342,28,67,6,33,0.63,122
1609,55,291,27,54,5,15,0.52,120
1610,69,355,26,55,5,21,0.55,138
1611,55,300,34,63,4,21,0.66,78
1612,37,212,19,33,4,19,0.54,58
1613,34,207,12,20,4,12,0.56,104
1614,41,273,21,40,5,25,0.67,83
1615,42,200,23,41,4,26,0.65,59
1616,46,241,26,45,4,22,0.63,78
1617,38,188,18,39,4,29,0.62,46
1618,23,69,11,21,4,22,0.57,57
1619,36,210,16,37,4,28,0.57,40
1620,33,202,11,30,5,21,0.42,72
1621,48,271,22,50,6,33,0.50,77
1622,35,156,20,35,5,23,0.49,61
1623,30,134,16,30,4,21,0.51,58
1624,46,279,28,48,4,23,0.76,54
1625,49,254,33,51,4,21,0.78,72
1626,36,141,22,36,4,25,0.83,44
1627,41,220,16,45,4,29,0.63,67
1628,73,355,36,79,4,31,0.65,97
1629,74,350,48,99,4,39,0.80,67
1630,71,349,42,93,4,39,0.83,76
1631,44,248,21,47,4,24,0.63,74
1632,54,338,24,52,4,35,0.70,71
1633,66,356,41,83,4,40,0.76,40
1634,40,275,17,31,4,21,0.60,80
1635,53,333,26,60,4,41,0.68,49
1636,50,333,25,53,4,29,0.70,64
1637,60,355,35,64,4,30,0.73,82
1638,48,352,32,49,4,21,0.79,43
1639,26,173,15,24,4,23,1.15,29
1640,42,296,17,37,4,30,1.05,70
1641,71,356,26,65,5,39,0.78,94
1642,65,353,27,69,5,32,0.66,98
1643,53,287,29,58,4,28,0.62,55
1644,42,294,22,43,4,20,0.50,66
1645,27,167,8,20,4,19,0.45,78
1646,46,312,27,44,4,35,0.62,37
1647,24,105,14,22,4,23,0.59,39
1648,24,91,12,24,4,24,0.75,38
1649,25,78,11,23,4,17,0.55,47
1650,22,63,6,17,4,19,0.45,63
1651,26,123,8,17,4,22,0.42,74
1652,35,247,18,35,5,27,0.63,46
1653,37,233,18,37,5,18,0.63,63
1654,48,268,27,51,5,24,0.60,63
1655,54,292,32,61,5,29,0.69,54
1656,30,122,8,26,5,22,0.44,66
1657,56,325,18,54,6,41,0.50,70
1658,62,338,24,65,7,43,0.50,82
1659,70,345,35,81,8,50,0.70,80
1660,72,344,45,89,7,42,0.84,86
1661,55,260,30,61,6,24,0.58,77
1662,35,131,12,35,5,17,0.43,57
1663,27,109,6,22,5,20,0.41,67
1664,51,264,17,53,7,43,0.58,35
1665,48,231,17,46,6,38,0.52,63
1666,57,279,19,63,7,49,0.51,64
1667,59,279,21,68,7,53,0.53,67
1668,73,335,36,96,11,62,0.65,51
1669,52,215,27,53,6,38,0.55,74
1670,68,279,28,77,8,47,0.56,79
1671,75,330,40,95,9,56,0.69,76
1672,75,330,49,95,7,54,0.87,38
1673,44,230,21,38,4,23,0.62,93
1674,62,353,35,70,7,45,0.69,71
1675,61,346,37,71,6,36,0.70,75
1676,61,352,37,71,6,33,0.67,85
1677,46,244,28,50,5,26,0.65,61
1678,46,290,19,44,5,34,0.55,63
1679,59,344,22,69,8,53,0.60,32
1680,68,359,33,86,9,51,0.70,55
1681,59,334,24,69,8,55,0.56,55
1682,77,357,44,104,14,59,0.84,57
1683,39,209,22,40,6,25,0.53,57
1684,26,114,17,24,5,22,0.53,49
1685,40,221,24,38,5,29,0.59,53
1686,55,302,32,61,5,46,0.78,47
1687,60,312,30,71,6,51,0.80,44
1688,80,344,53,108,7,55,0.96,33
1689,69,313,42,87,6,33,0.77,55
1690,62,304,38,70,5,29,0.80,85
1691,74,347,52,86,5,43,0.86,52
1692,70,351,44,86,6,40,0.86,50
1693,79,355,55,102,7,44,0.98,38
1694,55,253,30,63,5,30,0.75,24
1695,29,92,14,29,4,19,0.51,47
1696,34,158,20,34,4,26,0.55,31
1697,47,284,15,50,6,32,0.51,21
1698,52,315,24,57,7,34,0.56,16
1699,57,294,38,56,5,39,0.61,11
1700,54,275,35,56,6,36,0.64,32
1701,51,238,25,54,6,41,0.65,18
1702,65,296,41,81,5,45,0.81,8
1703,78,307,50,107,6,50,0.87,16
1704,84,321,52,117,5,42,0.94,9
1705,52,194,24,56,5,37,0.66,14
1706,36,95,24,33,5,35,0.79,17
1707,20,36,9,19,5,27,0.45,45
1708,35,144,22,32,5,40,0.55,14
1709,36,191,14,36,5,31,0.49,36
1710,63,303,32,75,9,53,0.71,22
1711,68,275,40,86,9,48,0.78,21
1712,66,253,33,82,9,51,0.71,31
1713,70,227,35,90,7,56,0.73,22
1714,93,278,40,136,7,49,0.60,25
1715,124,343,62,197,9,58,0.75,24
1716,104,356,61,158,12,62,0.86,27
1717,109,360,69,169,13,61,0.97,26
1718,134,362,92,215,10,74,1.22,28
1719,106,301,58,163,9,69,1.03,14
1720,69,224,28,88,8,48,0.63,18
1721,40,112,24,39,5,38,0.58,17
1722,63,219,41,75,6,45,0.73,6
1723,91,310,66,114,7,47,1.12,14
1724,56,148,23,69,6,41,0.83,24
1725,73,282,32,99,7,48,0.60,27
1726,69,275,33,88,9,52,0.63,23
1727,83,356,50,116,13,62,0.79,13
1728,111,363,83,159,14,82,1.10,9
1729,108,356,79,145,9,80,1.07,12
1730,70,195,28,89,7,47,0.60,33
1731,80,246,36,110,9,55,0.68,25
1732,94,330,58,140,12,70,0.80,18
1733,120,361,86,181,15,78,1.06,27
1734,139,363,106,190,12,82,1.22,24
1735,166,365,126,211,11,82,1.29,26
1736,193,363,145,253,11,93,1.49,23
1737,165,347,124,237,10,71,1.32,38
1738,141,342,107,178,9,56,1.06,59
1739,186,364,140,228,8,74,1.27,34
1740,156,344,118,208,8,61,1.19,37
1741,96,297,69,123,6,45,0.96,22
1742,62,320,22,75,6,33,0.57,50
1743,68,337,43,86,8,55,0.71,22
1744,64,332,42,66,8,44,0.88,12
1745,35,173,24,29,5,26,0.54,22
1746,30,159,20,27,5,27,0.41,26
1747,32,122,22,24,5,29,0.49,29
1748,76,300,56,62,5,30,0.85,16
1749,69,256,50,65,6,35,0.90,9
1750,82,282,58,83,8,49,1.06,12
1751,111,338,84,118,10,52,1.14,16
1752,109,342,82,102,10,46,0.88,29
1753,104,321,78,96,8,44,0.86,28
1754,128,327,97,126,11,51,1.25,12
1755,146,342,110,126,7,43,1.37,5
1756,107,303,80,95,7,38,1.26,8
1757,49,192,32,48,8,32,0.61,31
1758,64,238,45,64,10,43,0.67,16
1759,102,294,77,98,12,48,0.92,14
1760,132,325,100,120,15,45,1.02,6
1761,118,325,89,113,13,44,1.08,14
1762,110,324,83,111,14,48,1.23,17
1763,115,310,87,106,13,44,0.99,15
1764,100,249,75,108,11,62,1.03,13
1765,134,275,102,145,12,73,1.26,11
1766,167,301,126,168,13,75,1.32,12
1767,81,226,31,108,8,32,0.51,33
1768,72,344,33,93,10,43,0.63,18
1769,102,355,74,128,11,50,0.87,7
1770,109,349,81,140,12,57,1.08,8
1771,126,340,95,141,15,62,0.99,19
1772,75,250,52,88,11,51,0.75,25
1773,99,322,74,128,13,67,1.08,12
1774,103,302,77,118,12,71,1.07,12
1775,140,339,106,155,13,78,1.37,13
1776,199,362,151,193,14,77,1.56,21
1777,107,210,53,150,11,44,0.79,34
1778,83,205,56,112,13,55,0.93,21
1779,116,301,86,136,14,67,1.27,9
1780,138,290,105,146,16,66,1.25,19
1781,201,341,153,197,16,80,1.77,15
1782,183,298,142,184,14,65,1.55,13
1783,49,132,13,51,8,19,0.38,51
1784,42,158,17,42,9,22,0.45,43
1785,62,293,41,66,12,45,0.83,17
